Level 1,,Level 2,,Level 3,
1. Cultural Street Scenes,,1. Cultural Street Scenes,,1. Cultural Street Scenes,
#,Example,#,Example,#,Example
1,Narrow cobblestone streets in Santorini with whitewashed buildings and blue domes,1,"Tea house in Jiufen, Taiwan with red lanterns overlooking the mountainside that inspired Spirited Away",1,"Tea house in Jiufen, Taiwan: Ancient wooden teahouse with multiple levels cascading down the mountainside, red lanterns glowing at dusk, narrow stone steps leading between buildings, traditional tile roofing with moss patches, steam rising from tea cups against the backdrop of mountains and sea mist. This location famously inspired Miyazaki's Spirited Away setting but text searches often return either pure animation stills or generic Taiwan photos."
2,Tokyo's Shinjuku district with neon signs and crowded pedestrian crossings at night,2,Sunday morning flower market at Columbia Road in East London with Victorian shopfronts and street musicians,2,"Sunday morning flower market at Columbia Road in East London: Victorian-era brick shopfronts transformed into a vibrant flower market with colorful stalls spilling onto narrow cobblestone streets, vendors calling out prices in cockney accents, buckets filled with seasonal blooms, hipsters with coffee cups navigating between traditional East End families, musicians performing on corners with open instrument cases, and surrounding shops selling artisanal bread and vintage items. Text searches often return either sterile stock photos or generic ""flower market"" images."
3,Traditional floating market in Bangkok with vendors in wooden boats selling fresh produce,3,"Traditional barbacoa vendors under blue tarps at Mercado de Tlacolula in Oaxaca, Mexico",3,"Traditional barbacoa vendors at Mercado de Tlacolula in Oaxaca: Weekly indigenous market under makeshift blue tarp roofs, smoke rising from underground pit ovens where lamb wrapped in maguey leaves has been cooking overnight, women in traditional Zapotec dress serving consommé in painted clay bowls, communal wooden tables with plastic stools, stacks of handmade corn tortillas wrapped in cloth, and chile-flecked salt in small dishes. Text searches miss the specific atmosphere, colors, and cultural elements that make this market distinct."
4,Festive Day of the Dead celebration in Mexico City with decorated altars and costumed participants,4,Early morning fish auction at Tsukiji Outer Market in Tokyo with buyers inspecting fresh catch,4,"Early morning fish auction at Tsukiji Outer Market in Tokyo: Pre-dawn scene with fishmongers in rubber boots examining tuna by flashlight, white-gloved auctioneers making rapid hand signals, rows of styrofoam boxes with crushed ice displaying marine specimens, specialized knives and tools hanging from stalls, narrow lanes still wet from washing down, restaurant chefs making purchases for the day, atmospheric steam from hot food stalls in the cold morning air. Text searches tend to return either generic fish markets or tourist-focused views rather than the authentic working environment."
5,Outdoor spice market in Marrakech with colorful mounds of spices and traditional vendors,5,Chai wallahs serving tea in clay cups near Howrah Station in Kolkata during rush hour,5,"Chai wallahs near Howrah Station in Kolkata: Small tea vendors with makeshift stands during morning rush hour, brewing strong milk tea in large steel pots over open flames, pouring tea in ballistic arcs between containers to cool it, serving in small disposable clay cups that customers discard after drinking, crowds of commuters in various work attire streaming past, vintage Ambassador taxis parked nearby, and early morning light creating long shadows across the colonial-era station façade. Text searches rarely capture the dynamic motion, specific cultural elements, and atmospheric quality."
6,"New Orleans French Quarter during Mardi Gras with balconies, beads, and brass bands",6,Rooftop hookah cafés in Istanbul's Beyoğlu district with Bosphorus views at sunset,6,"Rooftop hookah cafés in Istanbul's Beyoğlu district: Restored Ottoman-era buildings with rooftop terraces overlooking the Golden Horn and Bosphorus, ornate metal tables with inlaid patterns, colored glass lanterns casting patterned shadows, traditional hookahs with glowing coals, cushioned seating areas with kilim textiles, waiters serving Turkish tea in tulip-shaped glasses, domes and minarets of historic mosques silhouetted against the sunset sky, and locals engaged in animated conversation as calls to prayer echo across the city. Text searches typically return generic hookah setups without the specific Istanbul architectural context and lighting."
7,Street food vendors in Mumbai with colorful carts and chai wallahs,7,"Elderly men playing chess in Washington Square Park, NYC with surrounding spectators",7,"Elderly men playing chess in Washington Square Park, NYC: Concrete chess tables with permanent stone seats under mature London plane trees, diverse group of elderly men representing different cultural backgrounds hunched over boards with timers, speed chess players slapping timers with quick moves, spectators standing in semicircles offering unsolicited advice, NYU students passing by, street musicians providing background ambiance, and the distinctive Washington Square Arch framing the background. Text searches typically miss the specific New York character, the diversity of players, and the particular atmosphere of this iconic location."
8,"Christmas market in Vienna with wooden stalls, mulled wine, and snow-dusted decorations",8,"Weekly market day in Chichicastenango, Guatemala with indigenous vendors selling textiles",8,"Weekly market day in Chichicastenango, Guatemala: Indigenous K'iche' Maya vendors in distinctive regional textiles selling handwoven huipil blouses with geometrical patterns specific to their villages, ancient stone steps of Santo Tomás Church where shamans burn copal incense in traditional ceremonies, narrow cobblestone streets completely filled with stalls, women balancing goods on their heads, men carrying enormous bundles on tumplines, a riot of textile colors organized by traditional patterns, and locals haggling in indigenous languages alongside tourists. Text searches fail to capture the specific patterns, colors, and cultural elements that make this market unique."
9,Outdoor café scene in Paris with wicker chairs and people watching on a tree-lined boulevard,9,"Traditional copper craftsmen working in the souk of Fez, Morocco with medieval tools",9,"Traditional copper craftsmen in the souk of Fez, Morocco: Ancient medieval workshops in the world's oldest continuously operating urban area, artisans using techniques unchanged for centuries, hammering patterns into copper trays while sitting cross-legged on cushions, small doorways leading to multi-level workshops, apprentices pumping bellows for coal-fired forges, finished lanterns and teapots hanging from cedar wood ceilings, narrow passages with donkeys transporting goods, and sunlight filtering through reed-covered skylights onto polished metalwork. Text searches typically miss the specific architectural context, lighting conditions, and authentic working techniques."
10,Traditional Chinese lantern festival with red decorations and illuminated streets,10,Hutong courtyard restaurants in Beijing serving family-style meals on shared tables,10,"Hutong courtyard restaurants in Beijing: Traditional siheyuan courtyard homes converted to restaurants, with gray brick walls, red wooden pillars and doorways with intricate carvings, lazy susan turntables on round tables for family-style dining, coal-fired heating under tables in winter with quilted tablecloths, hanging paper lanterns, elderly residents playing mahjong in corners while families feast on Beijing duck and dumplings, bicycles leaning against walls, and glimpses of contemporary high-rises visible above ancient rooflines. Text searches typically return either sterile restaurant interiors or generic hutong alleyways without capturing the specific dining atmosphere."
2. Architectural Styles,,2. Architectural Styles,,2. Architectural Styles,
#,Example,#,Example,#,Example
1,Mediterranean villa with terracotta roof and bougainvillea climbing the walls,1,Carlo Scarpa's Brion Cemetery with its intersection of concrete modernism and water features,1,"Carlo Scarpa's Brion Cemetery: Modernist concrete memorial complex in the Veneto region of Italy featuring precisely detailed joints between different materials, contemplative reflecting pools with floating concrete platforms, geometric cutouts allowing specific light patterns throughout the day, brass details oxidizing to green patina, Japanese-influenced garden elements integrated with brutalist forms, mathematically precise concrete formwork with visible aggregates, and meticulously planned sightlines creating a journey through the space. Text searches fail to capture Scarpa's unique material juxtapositions and the spiritual qualities created through light and water."
2,"Scandinavian cabin with large windows, natural wood and minimalist furnishings",2,Eero Saarinen's TWA Terminal at JFK with its curved concrete shell and red-carpeted interior,2,"Eero Saarinen's TWA Terminal at JFK: Fluid, wing-shaped thin-shell concrete structure expressing the excitement of the jet age, soaring interior spaces with no right angles, red-carpeted tunnels connecting to satellite gates, sunken conversation pits with Knoll furniture, curved information desk with period TWA signage, dramatic staircases floating in space, floor-to-ceiling glass walls with custom-designed hardware, and distinctive oval windows framing views of aircraft. Text searches often return either exterior shots or modern hotel conversion views rather than the original mid-century interior with its specific furnishings and details."
3,"Gothic cathedral with flying buttresses, stained glass, and stone gargoyles",3,Frank Lloyd Wright's Fallingwater house showing cantilevered balconies over the waterfall,3,"Frank Lloyd Wright's Fallingwater house: Cantilevered concrete terraces projecting over Bear Run waterfall in Pennsylvania, locally quarried sandstone walls integrating with surrounding forest, built-in furniture matching the architectural lines, Cherokee red painted metal windows, glass corners without supporting columns creating seamless indoor-outdoor connections, native boulders protruding through the living room floor, stratified stone contrasting with smooth concrete planes, and custom-designed details from light fixtures to door handles. Text searches often return glamour shots rather than images showing the integration with the landscape and specific architectural details."
4,Brutalist concrete apartment building with geometric patterns and stark angles,4,Traditional machiya townhouse in Kyoto with tatami rooms and tsuboniwa garden,4,"Traditional machiya townhouse in Kyoto: Narrow wooden facade with latticed windows and second-floor projections on a traditional street, earthen-floored entryway (doma) leading to elevated tatami rooms, internal courtyard garden (tsuboniwa) bringing light and nature into the deep floor plan, movable paper shoji screens creating flexible living spaces, exposed wooden structure with complex joinery, second-floor tea room with tokonoma alcove displaying seasonal ikebana arrangements, and traditional kitchen with raised hearth. Text searches often miss the spatial arrangements, lighting quality, and authentic materials that define these rapidly disappearing historical buildings."
5,"American craftsman bungalow with wide porch, natural materials, and built-in woodwork",5,Gaudí's Casa Batlló in Barcelona with its undulating facade and skeletal window frames,5,"Gaudí's Casa Batlló in Barcelona: Undulating organic facade inspired by marine forms with skull-like balconies and bone-shaped columns, dragon-scale roof tiles in iridescent ceramics representing Saint George's dragon, interior light well lined with graduated blue tiles creating an underwater effect, custom-designed ergonomic wooden doors without right angles, mushroom-shaped fireplace nook in the main salon, colorful trencadís mosaic decoration created from broken ceramic pieces, and organically shaped built-in furniture. Text searches often return tourist-focused views rather than the specific architectural and decorative details that showcase Gaudí's biomimetic approach."
6,Modern desert home with rammed earth walls and passive solar design,6,Luis Barragán's Casa Gilardi in Mexico City with its colorful walls and indoor pool,6,"Luis Barragán's Casa Gilardi in Mexico City: Minimalist exterior with vibrant color-blocked walls in pink, blue, and yellow, narrow entrance corridor with precisely positioned skylights creating changing light patterns throughout the day, dramatic yellow corridor leading to a indoor pool divided by a single red column, simple wooden furniture contrasting with saturated pigmented walls, floor-to-ceiling windows framing enclosed courtyards with volcanic stone, and meticulously designed shadow patterns. Text searches typically capture either the colors or the forms but rarely Barragán's masterful manipulation of light, shadow, and emotional atmosphere."
7,Traditional Japanese machiya townhouse with wooden lattice facades and inner gardens,7,"Mud brick mosques of Djenné, Mali with protruding wooden support beams and palm fiber reinforcement",7,"Mud brick mosques of Djenné, Mali: Monumental adobe structure with distinctive protruding wooden beams (toron) that serve both as decoration and permanent scaffolding for annual replastering, palm fiber mixed into mud for reinforcement, tall prayer towers with wooden spires, massive walls tapering toward the top for structural stability, intricate façade details created through projection and recession of clay forms, interior prayer hall with forest of wooden columns supporting roof, and community-based maintenance traditions involving entire town. Text searches often miss the specific construction details, scale, and cultural context of this UNESCO World Heritage site."
8,"Art deco hotel with symmetrical facade, decorative elements, and bold geometric patterns",8,"The shed-roof modernism of Sea Ranch, California with vertical wood siding and natural integration",8,"The shed-roof modernism of Sea Ranch, California: Weather-resistant vertical redwood siding left to weather naturally to gray, angled rooflines designed to deflect strong coastal winds, minimal eaves, large windows positioned to capture specific ocean views while maintaining privacy, clustered buildings sharing common walls and protected courtyards, integration with native coastal vegetation, unpaved pathways, and passive solar design principles. Text searches typically miss the ecological integration, community planning aspects, and weathered materiality that define this influential coastal development."
9,"Victorian painted lady house with ornate trim, bay windows, and multiple colors",9,Postmodern AT&T Building (now 550 Madison) by Philip Johnson with its distinctive broken pediment top,9,"Postmodern AT&T Building in New York: Philip Johnson's controversial skyscraper (now 550 Madison) with its distinctive broken pediment top resembling a Chippendale highboy, pink granite facade contrasting with the surrounding glass buildings, monumental entranceway with 110-foot arched opening, classical proportions applied to modern high-rise form, punched windows rather than curtain wall construction, ornamental elements applied to functional structure as deliberate rejection of modernist principles, and formal public space at the base with retail components. Text searches often return either distant skyline views or contemporary renovation photos rather than the specific postmodern details that made this building a landmark of architectural discourse."
10,Contemporary glass and steel skyscraper with sustainable green features and unusual form,10,"Underground desert dwellings in Coober Pedy, Australia with ventilation tubes and subterranean rooms",10,"Underground desert dwellings in Coober Pedy, Australia: Subterranean homes excavated into hillsides in opal mining region, with ventilation tubes protruding above ground providing air circulation, consistent 75°F (24°C) temperature regardless of exterior conditions, whitewashed walls revealing natural sandstone strata, conventional doors and windows inserted into rock faces, above-ground entrances leading to multiple underground rooms, modern kitchen and bathroom fixtures contrasting with cave-like surroundings, and opal seams occasionally visible in wall surfaces. Text searches typically miss the hybrid nature of these dwellings that combine cave-like qualities with contemporary living standards."
3. Fashion Combinations,,3. Fashion Combinations,,3. Fashion Combinations,
#,Example,#,Example,#,Example
1,Monochromatic minimalist outfit with varying textures and oversized silhouette,1,Traditional Berber dress with silver jewelry and indigo head wrap in contemporary street setting,1,"Traditional Berber dress with contemporary elements: Handwoven Amazigh textiles in geometric patterns paired with heavy silver fibula brooches and elaborate headdresses incorporating antique coins, indigo head wraps providing protection from desert sun, layered garments with distinctive regional embroidery patterns indicating tribal affiliations, combined with modern sunglasses, leather crossbody bags, and occasionally Nike sneakers or contemporary footwear, as seen on the streets of Marrakech where traditional and modern life intersect. Text searches typically separate ""traditional Berber costume"" from contemporary street style without capturing the authentic hybrid styling."
2,"Vintage-inspired 70s look with high-waisted flares, platform shoes, and fringed vest",2,"Japanese streetwear with wide Yohji Yamamoto pants, Comme des Garçons layered tops, and platform boots",2,"Japanese avant-garde streetwear: Oversized Yohji Yamamoto asymmetrical black wool coats with deliberately unfinished edges, layered over Comme des Garçons deconstructed shirts with multiple collars and unexpected cutouts, wide pleated trousers with dropped crotch, platform leather boots by Rei Kawakubo, minimalist architectural accessories in matte metals, waist bags worn cross-body, technical fabric overlays, tonal black and navy layers creating subtle texture variations, and androgynous silhouettes as seen in Harajuku and Daikanyama neighborhoods. Text searches typically return either runway images or costume-like ""Japanese fashion"" rather than the sophisticated street-level interpretation of these designer aesthetics."
3,Street style outfit mixing luxury and streetwear brands with statement sneakers,3,"Brooklyn vintage workwear with selvedge denim, redwing boots, and faded chore coats",3,"Brooklyn vintage workwear revival: Selvedge raw denim jeans with visible outseam and cuffed to show construction, worn to develop personalized fade patterns, paired with Red Wing Iron Ranger boots with Goodyear welt construction showing patina from years of wear, vintage chore coats in faded French blue cotton with visible mending and repair, indigo-dyed bandanas, American-made flannel shirts, leather goods with hand-tooled details, and carefully curated heritage watches or jewelry, as seen in Williamsburg workshops and coffee shops. Text searches typically return either pristine ""workwear fashion"" or actual historical workers rather than the contemporary interpretation with its focus on craftsmanship and aging."
4,"Dark academia aesthetic with tweed blazer, oxford shoes, and antique accessories",4,"London grime scene fashion with Stone Island technical wear, Nike TNs, and cross-body bags",4,"London grime scene fashion: Technical Stone Island jackets with removable compass logo badges, Nike TN Air Max trainers with gradient colorways and visible air cushions, cross-body bags worn over puffer vests, tapered tracksuit bottoms tucked into socks, flat brim caps with stickers still attached, designer belts as status symbols, heavy gold chains layered over high-neck athletic tops, logo-focused luxury items mixed with performance sportswear, and dark color palettes with occasional bold accent colors, as seen at Skepta performances and East London housing estates. Text searches typically miss the specific brand combinations, proportions, and cultural significance of these carefully selected items."
5,"Cottagecore ensemble with floral prairie dress, straw hat, and handmade accessories",5,Contemporary hanbok interpretations in Seoul with traditional silhouettes in modern fabrics,5,"Contemporary hanbok interpretations in Seoul: Traditional Korean hanbok silhouettes with distinctive empire waist jeogori jacket and voluminous chima skirt modernized with unexpected materials like technical fabrics, minimalist color blocking instead of traditional patterns, shortened hemlines, styled with white sneakers and crossbody bags, sometimes layered under contemporary outerwear, industrial-inspired hardware replacing traditional closures, and experimental textiles with traditional construction techniques, as seen in Seoul's Bukchon and Insadong neighborhoods. Text searches typically return either traditional ceremonial hanbok or completely westernized fashion without capturing the innovative hybrid designs that respect traditional forms."
6,"Cyberpunk-inspired outfit with technical fabrics, neon accents, and platform boots",6,"Sapeur style from Congo with bright colored suits, pattern mixing, and precise accessories",6,"Sapeur style from Congo: La Sape (Société des Ambianceurs et des Personnes Élégantes) practitioners wearing impeccably tailored bright pink, yellow, or green suits with contrast piping, deliberately clashing patterns in waistcoats and bow ties, two-tone Oxford shoes polished to mirror finish, matching pocket squares and sock garters, designer accessories like Gucci suspenders and Louis Vuitton belts, panama hats with decorative bands, walking canes as status symbols, and precisely folded pocket handkerchiefs, often in stark contrast to the modest surroundings in Brazzaville and Kinshasa. Text searches typically miss the specific styling details, the performance aspect of this fashion culture, and its post-colonial political significance."
7,Business casual look with tailored separates in unexpected colors and modern proportions,7,"Mexico City skater style with huaraches, workwear pants, and graphic t-shirts featuring local artists",7,"Mexico City skater style: Handcrafted leather huaraches with reinforced soles for skateboarding grip, workwear-inspired canvas pants with side utility pockets, locally-produced graphic t-shirts featuring work by Mexican artists and printmakers, chambray work shirts left unbuttoned, flat-brim caps from local brands rather than international logos, colorful printed socks visible between pants and shoes, handmade leather accessories with pre-Hispanic pattern influences, and tattoos incorporating indigenous iconography, common in Roma Norte and along Avenida Chapultepec. Text searches typically return either traditional Mexican clothing or generic skatewear without capturing the specific cultural fusion that characterizes this urban style."
8,"Festival outfit with crochet top, denim cutoffs, western boots, and layered jewelry",8,"Scandinavian minimalism with Acne Studios oversized silhouettes, muted colors, and architectural shoes",8,"Scandinavian minimalism: Acne Studios oversized silhouettes in wool-cashmere blends with precisely cut raw edges, monochromatic layering in muted tones like oatmeal, slate, and navy, COS architectural tops with unexpected structural elements, Filippa K menswear-inspired separates for women, chunky handknit sweaters from small-batch producers, Norwegian rain technical outerwear without visible branding, Stutterheim rubberized raincoats, architectural leather shoes with exaggerated proportions from Swedish and Danish designers, emphasis on sustainable materials with minimal embellishment, and subtle texture contrasts, as seen in Stockholm's Södermalm district. Text searches typically return either fast-fashion ""minimalism"" or traditional Nordic clothing without capturing the sophisticated material focus and proportional play of authentic Scandinavian design."
9,Avant-garde runway look with deconstructed silhouette and architectural elements,9,Traditional Maasai beadwork and fabrics incorporated into contemporary ready-to-wear garments,9,"Maasai beadwork in contemporary fashion: Traditional Maasai beaded collars in distinctive red, blue, and white geometric patterns incorporated into modern silhouettes, handcrafted by Kenyan artisans using traditional techniques with fair trade certification, paired with simple linen dresses or structured cotton separates, leather sandals with beaded embellishments, statement earrings using traditional motifs in contemporary scale, woven market bags with beaded handles, and shuka-inspired textiles in modern proportions, as seen in Nairobi's design district and ethical fashion initiatives. Text searches typically return either tourism-focused ""tribal"" imagery or decontextualized beadwork rather than the thoughtful contemporary fashion incorporating these traditional craft elements."
10,Sustainable fashion outfit made entirely from upcycled and ethical materials,10,"Berlin club wear with Rick Owens drapery, functional accessories, and all-black technical fabrics",10,"Berlin club wear: Rick Owens' draped asymmetrical layers in heavyweight jersey, destroyed leather jackets with exaggerated proportions, all-black technical fabrics with multiple straps and functional pockets from Berlin-based labels like Acronym, mesh underlayers revealing strategic skin, platform combat boots by Demonia or New Rock, gender-fluid silhouettes, industrialized jewelry incorporating found objects, oversized vintage eyewear, and leather harness elements referencing both punk and fetish aesthetics, as seen in the queue at Berghain and other techno institutions. Text searches typically return costume-like ""goth"" imagery or high-fashion runway looks rather than the authentic styling combining high design, functionality, and subcultural references."
4. Interior Design Concepts,,4. Interior Design Concepts,,4. Interior Design Concepts,
#,Example,#,Example,#,Example
1,"Bohemian living room with layered textiles, global artifacts, and abundant plants",1,John Pawson's minimalist monastery design with oak details and limestone floors,1,"John Pawson's minimalist monastery design: Cistercian Abbey of Our Lady of Nový Dvůr featuring rigorously reduced architectural elements, limestone floors with underfloor heating allowing for uninterrupted surfaces, soaring windows precisely positioned to track sunlight patterns throughout the day, oak choir stalls with invisible joinery, diffused light through alabaster panels creating luminous atmosphere for contemplation, absolute symmetry in public spaces contrasted with more intimate scale in living quarters, custom-designed lighting integrated into architecture, and meticulous shadow gap details eliminating the need for baseboards or trim. Text searches typically miss the sophisticated simplicity, proportional harmony, and luminous qualities that define Pawson's spiritual minimalism."
2,"Minimalist Japanese-inspired bedroom with platform bed, shoji screens, and natural materials",2,"Axel Vervoordt's wabi-sabi approach with ancient artifacts, raw plaster walls, and linen upholstery",2,"Axel Vervoordt's wabi-sabi approach: Belgian designer's Castle of 's-Gravenwezel featuring ancient stone fragments displayed as sculpture, 17th-century oak tables with surfaces showing centuries of use, raw plaster walls with visible trowel marks, monastic wooden benches alongside delicate antique chairs, linen slip-covered seating in natural undyed fibers, Japanese ceramic vessels with visible repair work, bleached wood floors with uneven patina, massive stone fireplaces, collected fossils and minerals as objects of contemplation, and restrained neutral palette allowing textural variations to create visual interest. Text searches typically miss the nuanced imperfection, material authenticity, and temporal depth that define this approach to interior design."
3,"Art deco-inspired dining room with bold geometric patterns, lacquered furniture, and metallic accents",3,Patricia Urquiola's eclectic hotel lobbies with varied seating groups and custom-patterned tiles,3,"Patricia Urquiola's eclectic hotel lobbies: Il Sereno Hotel on Lake Como featuring custom-designed seating groups with unexpected silhouettes and tactile upholstery in rich jewel tones, vertically planted living walls creating microclimate zones, custom copper mesh room dividers creating transparency while defining spaces, terrazzo flooring with oversized aggregate in custom patterns, locally sourced walnut millwork with innovative joinery, dramatic pendant lighting with hand-blown glass elements, modernist interventions within historic structures, and spatial flow encouraging social interaction while maintaining intimate conversation areas. Text searches typically miss the material innovation, cultural references, and spatial choreography that characterize Urquiola's distinctive approach."
4,"Rustic farmhouse kitchen with open shelving, farmhouse sink, and reclaimed wood",4,Studio Mumbai's vernacular-inspired spaces using traditional craftsmanship with contemporary function,4,"Studio Mumbai's vernacular-inspired spaces: Copper House II featuring traditional Indian construction techniques executed with contemporary precision, handmade teak windows with intricate screens filtering harsh light, courtyard planning principles creating natural ventilation paths, hand-polished Kadapa stone flooring laid in geometric patterns, custom brass hardware developing natural patina, site-specific furnishings built by local craftsmen using indigenous hardwoods, traditional water collection systems integrated into contemporary living, and spaces responding to seasonal monsoon conditions with adaptable enclosures. Text searches typically miss the specific craftsmanship details, climatic adaptation strategies, and cultural continuity represented in these sophisticated hybrid spaces."
5,"Coastal sunroom with white slip-covered furniture, blue accents, and natural fiber rugs",5,"Commune Design's Ace Hotel properties with vintage furniture, local art, and industrial elements",5,"Commune Design's Ace Hotel properties: Downtown Los Angeles location in historic United Artists building featuring exposed concrete columns with visible formwork marks, custom-designed leather and canvas headboards referencing vintage gymnasium equipment, theater-inspired drapery, locally manufactured ceramic tile in custom glazes, restored historic elements like original mailboxes and terrazzo floors, vintage industrial lighting rewired to contemporary standards, communal work tables encouraging collaboration, curated art program featuring local artists, and bespoke furniture designed in collaboration with regional craftspeople. Text searches typically miss the specific historical references, collaborative design process, and sense of place that define these influential hotel spaces."
6,"Maximalist library with floor-to-ceiling bookshelves, pattern mixing, and jewel tones",6,"Traditional Japanese ryokan room with tatami flooring, tokonoma alcove, and sliding fusuma doors",6,"Traditional Japanese ryokan room: Tatami flooring made of woven igusa grass with decorative fabric borders, sliding fusuma doors with handpainted scenes or calligraphy separating spaces, tokonoma display alcove with seasonal ikebana flower arrangement and hanging scroll, low wooden table with zabuton floor cushions for tea service, platform futon bedding stored in closets during day, cedar soaking tub with hinoki wood lid, shoji screens diffusing natural light, seasonal yukata robes provided for guests, miniature garden views framed like living paintings, and precise room proportions based on traditional module system. Text searches typically miss the seasonal aspects, material authenticity, and spatial principles that define these traditional hospitality environments."
7,"Industrial loft bathroom with concrete floor, exposed pipes, and factory-style fixtures",7,"Kelly Wearstler's maximalist residential spaces with marble, brass, and sculptural furniture pieces",7,"Kelly Wearstler's maximalist residential spaces: Beverly Hills homes featuring bold geometric marble floors in contrasting colors laid in complex patterns, overscaled sculptural furniture with asymmetrical proportions, vintage Italian lighting with sculptural brass forms, layered textiles mixing patterns at different scales, statement stone pieces like malachite tables or onyx vessels, custom-designed metal details with mixed patinas, dramatic stone fireplaces, gallery-like display of client's art collection, and controlled tension between historical references and contemporary forms. Text searches typically miss the sophisticated material combinations, scale relationships, and controlled visual complexity that characterize Wearstler's distinctive approach to luxury interiors."
8,"Mid-century modern living room with iconic furniture pieces, walnut wood, and graphic textiles",8,Ilse Crawford's humanist approach to commercial spaces with tactile materials and intimate scale,8,"Ilse Crawford's humanist approach to commercial spaces: Soho House locations featuring deeply comfortable upholstered seating with natural materials like linen and leather, lighting designed at multiple levels to create intimacy, acoustically considered spaces allowing conversation, tactile surfaces inviting touch like oiled wood tables developing patina through use, book collections and cultural artifacts creating sense of place, vintage furniture with visible history mixed with contemporary pieces, warm and flattering lighting conducive to wellbeing, and spaces encouraging human connection rather than status display. Text searches typically miss the subtle psychological considerations, material authenticity, and human-centered spatial planning that define Crawford's influential approach."
9,"Scandinavian home office with light woods, minimal décor, and functional organization",9,"Roman and Williams Guild retail space with curated vignettes, workshop elements, and integrated café",9,"Roman and Williams Guild retail space: New York showroom featuring dramatic central display table with regularly changing arrangements of artifacts and natural elements, adjacent La Mercerie café integrated into retail experience, custom millwork displaying ceramics and housewares on open shelving, vintage-inspired lighting with contemporary energy efficiency, floral design studio creating seasonal installations, furniture designed by founders with traditional construction methods and innovative forms, library area with art books for browsing, and full working kitchen hosting demonstrations and events. Text searches typically miss the experiential programming, narrative quality, and careful merchandising that make this space more than a conventional retail environment."
10,"Eclectic dining room mixing vintage finds, contemporary art, and unexpected color combinations",10,"Parisian apartment with preserved moldings, herringbone floors, and contemporary Italian furniture",10,"Parisian apartment with preserved historical elements: Haussmann-era residence with original crown moldings and ceiling medallions restored to original detail, herringbone oak parquet floors showing centuries of patina, marble fireplaces in each room with contemporary art displayed above, floor-to-ceiling French doors with restored espagnolette hardware opening to wrought-iron balconies, contemporary Italian furniture from designers like Antonio Citterio providing functional contrast to historical shell, modern kitchen concealed behind original double doors, bathroom with hexagonal marble tile and freestanding tub, midcentury lighting integrated thoughtfully, and gallery-like approach to art display against neutral walls. Text searches typically miss the tension between preservation and contemporary living, the quality of natural light, and the sophisticated integration of periods that characterize these distinctive urban residences."
5. Historical Settings,,5. Historical Settings,,5. Historical Settings,
#,Example,#,Example,#,Example
1,"Victorian drawing room with ornate furniture, heavy drapes, and decorative objects",1,"1970s New York CBGB club interior with graffiti walls, minimal stage, and bathroom covered in band stickers",1,"1970s New York CBGB club interior: Legendary Bowery punk venue with graffiti-covered walls accumulated over decades, band stickers layered on every available surface including bathrooms, minimal raised stage with jury-rigged sound equipment, battered bar with limited selection of cheap beer, mismatched vintage furniture salvaged from street, band flyers for The Ramones and Talking Heads stapled over older layers, exposed wiring and pipes, poor lighting provided by bare bulbs and string lights, and specific gritty atmosphere that helped birth American punk and new wave. Text searches typically return either sanitized rock memorabilia or generic ""dive bar"" images rather than the authentic historical environment with its specific cultural artifacts."
2,"1950s American diner with checkerboard floor, vinyl booths, and jukebox",2,"1920s Paris café scene with rattan chairs, marble tabletops, and Art Deco interior details",2,"1920s Paris café scene: Left Bank establishments like Café de Flore with Art Deco interior details, rattan bistro chairs arranged on marble-topped tables facing outward for people watching, aproned waiters carrying trays of absinthe and coffee, intellectuals and artists like Hemingway and Fitzgerald engaged in debate, newspapers on wooden rods for shared reading, tobacco smoke creating atmospheric haze, Belle Époque architectural elements like decorative moldings and mirrors, and early modernist influences beginning to appear in graphics and fashion. Text searches typically return either contemporary tourist-focused cafés or generic ""vintage Paris"" images without the specific cultural and historical details."
3,"Ancient Roman bathhouse with columns, mosaics, and central pool",3,"1950s American diner with Formica countertops, vinyl booths, and polished chrome fixtures",3,"1950s American diner: Post-war roadside eatery with streamlined stainless steel exterior, vinyl-upholstered booths in turquoise and pink, speckled Formica countertops with chrome edging, built-in Wurlitzer jukeboxes at each table, soda fountain with Hamilton Beach mixers for malted milkshakes, uniformed waitresses with order pads, pie case with rotating display, checkerboard floor tiles, neon clock advertising Coca-Cola, menu boards with items priced under one dollar, chrome-plated napkin dispensers, and car hop service area visible through large plate-glass windows. Text searches typically return either nostalgic recreations or contemporary diners with retro styling rather than authentic period establishments."
4,"Medieval castle great hall with long tables, tapestries, and heraldic decorations",4,"Victorian apothecary shop with wooden drawers, glass bottles, and brass scales",4,"Victorian apothecary shop: 1880s pharmacy with floor-to-ceiling wooden cabinets featuring hundreds of small drawers labeled with Latin names, brass pill-making equipment on marble countertops, glass display cases with ornate wooden frames containing medical instruments, blue and green glass bottles with handwritten labels and glass stoppers, brass balance scales for measuring medicinal compounds, specimen jars containing curious preserved items, mortar and pestles in graduated sizes, anatomical illustrations on walls, gas lighting fixtures with etched glass shades, and pharmacist in formal attire with specific tools of the trade. Text searches typically return staged museum recreations or steampunk-influenced fantasy versions rather than historically accurate commercial interiors."
5,"1970s disco nightclub with mirrored ball, colored lights, and platform stage",5,"1980s Tokyo trading floor with early computer terminals, suited traders, and paper ticket systems",5,"1980s Tokyo trading floor: Nikkei Stock Exchange during Japan's economic bubble period, featuring early computer terminals with green monochrome displays, suited traders with distinctive 1980s Japanese business attire including specific tie styles and eyeglass frames, cigarette smoke filling the environment before smoking bans, physical trading boards with rapidly changing numbers, paper ticket systems for trade recording, multiple telephone handsets at each station, specialized financial calculators, morning trading ceremonies with formal bowing, and visible status hierarchies in desk positioning. Text searches typically miss the specific technology, business customs, and environmental factors that defined this pivotal period in global financial history."
6,"Prohibition-era speakeasy with secret entrance, dark wood, and vintage glassware",6,"Medieval scriptorium with monks at writing desks, quills, and natural light from high windows",6,"Medieval scriptorium: Monastery writing room with angled wooden desks positioned to capture optimal northern light through narrow windows, monks in specific religious order habits working on illuminated manuscripts, quill pens cut from goose feathers, inkwells made from horn containing oak gall ink, parchment prepared from stretched animal skin with visible follicle patterns, gold leaf application tools, pigments derived from minerals and plants in small shells, reference texts chained to lecterns, stone floor and whitewashed walls for maximum light reflection, and specific working postures necessitated by the furniture and technology. Text searches typically return romanticized artistic interpretations rather than historically accurate working environments with period-specific tools and techniques."
7,"1960s suburban living room with wood-paneled walls, shag carpet, and modernist furniture",7,"1960s NASA Mission Control room with consoles, cigarette ashtrays, and analog displays",7,"1960s NASA Mission Control room: Apollo-era control center featuring IBM mainframe computers with magnetic tape storage, individual console stations with CRT monitors and rotary controls, ashtrays built into armrests from pre-smoking ban era, engineers in short-sleeve white shirts with narrow ties and pocket protectors, headsets with specialized microphone configurations, massive status display boards updated manually with physical markers, specialized slide rules and calculation tools, mission clocks showing different time zones, security protocols visible in badge systems, and specific room configuration designed for information hierarchy during space missions. Text searches typically miss the specific technology interfaces, working methods, and environmental details that defined this innovative workplace."
8,"Renaissance artist's workshop with easels, natural light, and period tools",8,"Ancient Roman thermae showing different temperature baths, hypocaust heating system, and social areas",8,"Ancient Roman thermae: Public bath complex showing different temperature rooms (frigidarium, tepidarium, caldarium), sophisticated hypocaust underfloor heating system with visible terra cotta pillars supporting raised floors, marble facing over brick construction, mosaic floors depicting marine scenes with specific Roman decorative motifs, statue niches, changing rooms with built-in stone benches and clothing cubicles, exercise area (palaestra) with specialized equipment, separate sections for men and women with different architectural treatments, water management systems with lead pipes and bronze fixtures, and specialized bathing implements used by attendants and bathers. Text searches typically return either idealized artistic reconstructions or archaeological ruins rather than accurate depictions of these facilities as they functioned."
9,"1930s Art Deco ocean liner interior with brass details, wood paneling, and luxury appointments",9,1930s Shanghai art deco ballroom with Chinese decorative elements and jazz band stage,9,"1930s Shanghai art deco ballroom: Grand ballroom at the Cathay Hotel (now Peace Hotel) featuring distinctive green copper pyramid roof visible from exterior, Chinese deco fusion elements combining art deco geometric patterns with traditional Chinese motifs, sprung wooden dance floor designed for specific ballroom dances of the era, stage area for jazz orchestra with specialized acoustic treatments, elaborate crystal chandeliers with color-tinted bulbs, smoking room with jade inlaid furniture, circular banquette seating with directional lighting from decorative sconces, specific service stations for white-jacketed staff, fashion of international clientele showing distinctive 1930s silhouettes, and visible security measures during this politically complex period. Text searches typically miss the specific fusion of Eastern and Western design elements and the sociopolitical context visible in these sophisticated entertainment venues."
10,"Ancient Egyptian temple with hieroglyphics, massive columns, and ritual spaces",10,"1890s Parisian artist studio with north-facing windows, easels, and period furniture",10,"1890s Parisian artist studio: Left Bank atelier with massive north-facing windows providing consistent natural light, wooden easels of different sizes for various types of work, paint-splattered wooden floors, visible canvas stretching and preparation area, palette tables with period-specific paint formulations before modern acrylic development, clay modeling stands for sculptural studies, specialized furniture including posing platform for models, reference material including plaster casts of classical sculptures, heating system consisting of wood or coal stove, sleeping alcove separated by heavy curtains, and rooftop views of Paris showing specific architectural features of the period. Text searches typically return romanticized artistic interpretations rather than the working environments with specific tools, materials, and spatial organizations of the time."
6. Event Setups,,6. Event Setups,,6. Event Setups,
#,Example,#,Example,#,Example
1,"Bohemian beach wedding with macramé decorations, low seating, and driftwood accents",1,Nick Cave's Until installation at MASS MoCA with thousands of suspended spinners and viewer pathways,1,"Nick Cave's Until installation at MASS MoCA: Immersive art installation within converted factory building featuring thousands of metallic wind spinners suspended from ceiling creating kinetic field that visitors walk beneath, complex shadow patterns projected on floor, upper level accessible by stairs where viewers discover objects embedded within the suspended forest including ceramic birds and beaded cloud formations, specialized lighting design highlighting metallic surfaces without creating glare, engineered support system calculating precise load requirements for historic building, predetermined pathways for visitor circulation allowing both intimate engagement and social experience, and staff positioned strategically to assist with interpretation. Text searches typically miss the scale, sensory experience, and technical complexity of this installation."
2,"Corporate conference with interactive technology displays, networking spaces, and branded elements",2,Noma's outdoor dining experience during COVID with individual greenhouse structures and naturalistic plating,2,"Noma's outdoor dining experience during COVID: René Redzepi's pandemic adaptation featuring individual greenhouse structures arranged in waterfront setting, each transparent dining pod furnished with simple wooden table and sheepskin-draped chairs, specialized ventilation system allowing safe service, custom-built planter boxes with edible herbs surrounding each structure, dedicated server for each greenhouse minimizing contact, naturalistic plating of foraged ingredients on handmade ceramics, specialized outdoor kitchen adaptation with visible fire elements, timed lighting system complementing sunset progression, and safety protocols integrated thoughtfully into experience design. Text searches typically miss the specific innovations, service design, and environmental factors that made this adaptation both functional and aesthetically coherent."
3,"Children's birthday party with woodland theme, whimsical tents, and nature-inspired activities",3,"Burning Man Center Camp infrastructure with shade structures, elaborate bar, and interactive elements",3,"Burning Man Center Camp infrastructure: Temporary desert installation with massive tensile shade structure supported by complex rigging system, specialized dust-management protocols including segregated zones for food preparation, bicycle parking organized by directional quadrants, performance spaces with tiered seating constructed from repurposed materials, volunteer-operated coffee shop with specific queue management system, designated areas for participant-led workshops, specialized power and water distribution systems designed for extreme conditions, nighttime illumination adhering to ""no darkwads"" principles with extensive LED implementation, and zoned activity areas supporting different sound levels and social interactions. Text searches typically miss the intentional organization, participatory nature, and sophisticated systems engineering supporting this temporary autonomous community."
4,"Holiday dinner party with elegant table setting, seasonal greenery, and ambient lighting",4,Milan Design Week installation by Sabine Marcelis with colored resin elements and precise lighting design,4,"Milan Design Week installation by Sabine Marcelis: Site-specific intervention in historic Palazzo courtyard featuring cast resin elements in gradient sunset colors arranged to interact with specific sunlight angles throughout the day, custom-developed lighting program activated during evening hours, precisely calibrated color combinations creating unexpected visual experiences when viewed from different angles, integration with existing architectural elements including colonnade and stone flooring, visitor pathway designed to reveal composition gradually, specialized mounting systems invisible to viewers, seating elements doubling as sculptural components, and material innovation showcasing new manufacturing techniques. Text searches typically miss the site-specific nature, temporal elements, and material innovations that define these ephemeral design installations."
5,"Music festival VIP area with lounge seating, shade structures, and specialty food vendors",5,"Hermès runway show with custom floor treatment, minimal seating, and architectural product displays",5,"Hermès runway show: Seasonal fashion presentation with custom-designed floor treatment incorporating house iconic patterns in unexpected scale, architectural product displays showcasing brand heritage items alongside new collection, precisely controlled lighting design highlighting garment details and creating dramatic atmosphere, minimal seating arrangement assigned according to complex hierarchy of industry importance, specialized sound system design for specific venue acoustics, hidden quick-change areas for models, technical rehearsal choreography ensuring perfect timing, branded refreshment service maintained by white-gloved staff, and press area with optimized photography positions. Text searches typically miss the brand-specific details, technical production elements, and carefully orchestrated experience design that differentiate luxury fashion presentations."
6,"Graduation celebration with photo display, school colors, and personalized mementos",6,Open-air cinema in Santorini with white director chairs facing screen with caldera view background,6,"Open-air cinema in Santorini: Kamari outdoor theater featuring traditional white director chairs arranged on terraced platforms to ensure unobstructed views, screen positioned to incorporate caldera and sunset as dramatic backdrop before film begins, specialized projection technology adapted for semi-daylight conditions, Mediterranean plantings creating natural dividers between seating sections, traditional Greek refreshment stand serving local wines and mezze, historical film memorabilia displayed in entry area, acoustic design accounting for open-air setting and prevailing wind patterns, and reservation system balancing local resident access with tourist demand. Text searches typically miss the site-specific adaptation, sensory aspects beyond the visual, and operational elements that create this distinctive cultural experience."
7,"Baby shower with gender-neutral theme, interactive stations, and custom favors",7,"Chelsea Flower Show exhibition garden with specific cultivars, structure, and narrative elements",7,"Chelsea Flower Show exhibition garden: Award-winning designer installation featuring specific plant combinations selected for synchronized May blooming period, complex structural elements including water features with precision hydraulic systems concealed from view, specimen trees transplanted with specialized equipment and extensive root protection, forced blooming techniques to ensure peak display during limited exhibition period, sub-surface irrigation and drainage systems supporting temporary installation, narrative elements expressed through plant selection and hardscape materials, prescribed viewing angles for judges and public, specialized maintenance crew working overnight hours, and rigorous adherence to Royal Horticultural Society exhibition standards. Text searches typically miss the technical horticultural knowledge, narrative design elements, and behind-the-scenes systems that support these highly engineered natural displays."
8,"Outdoor movie night with projection screen, comfortable seating, and concession stand",8,"David Byrne's American Utopia stage setup with wireless instruments, choreographed performers, and grid lighting",8,"David Byrne's American Utopia stage setup: Innovative concert staging featuring completely wireless instruments allowing unrestricted movement, performers in identical gray suits creating visual uniformity, specialized in-ear monitoring systems eliminating need for visible technology, chain-link curtain perimeter defining performance space while allowing light transmission, precisely choreographed movements with specific spatial mapping, custom-built wireless guitar technology with hidden transmitters, grid lighting system with programmable cues synchronized to movement patterns, stage floor marked with invisible blocking indicators, and deliberately minimalist approach eliminating conventional concert elements like drum risers and amplifier stacks. Text searches typically miss the technical innovations, choreographic elements, and intentional theatrical approach that distinguished this performance design."
9,"Charity gala with dramatic floral arrangements, auction displays, and stage for presentations",9,Serpentine Gallery summer pavilion by Frida Escobedo with reflecting pool and perforated walls,9,"Serpentine Gallery summer pavilion by Frida Escobedo: Temporary architectural installation in London's Kensington Gardens featuring courtyard design referencing traditional Mexican domestic architecture, perforated cement roof tiles creating dappled light patterns that change throughout the day, reflecting pool element incorporating British climate considerations, specialized construction methods allowing complete recycling of materials after exhibition, orientation specifically calibrated to site, material palette responding to surrounding park context, integrated seating elements accommodating various social configurations, accessibility considerations seamlessly incorporated into design, and adaptable configurations for different event requirements including talks and performances. Text searches typically miss the site-specific considerations, cultural translation elements, and technical details that define these prestigious architectural commissions."
10,"Backyard summer barbecue with games, string lights, and casual dining stations",10,"Yayoi Kusama infinity room installation with mirrors, lights, and controlled visitor experience",10,"Yayoi Kusama infinity room installation: Immersive mirrored environment with specialized LED lighting systems creating illusion of infinite space, precise fabrication eliminating visible seams in mirror placement, structural engineering supporting suspended illumination elements, specialized flooring with reflective properties enhancing infinity effect, complex queue management system limiting visitor numbers and duration, conservation protocols addressing continuous cleaning requirements, climate control systems preventing condensation on mirrored surfaces, accessibility accommodations for diverse visitors, and meticulously configured proportions mathematically calculated to maximize perceptual effects. Text searches typically miss the specific technical requirements, visitor management systems, and precise construction details that support these popular immersive art installations."
7. Art Direction,,7. Art Direction,,7. Art Direction,
#,Example,#,Example,#,Example
1,Wes Anderson-style symmetrical scene with pastel colors and quirky characters,1,Wes Anderson's precise symmetry and color palette in The Grand Budapest Hotel set design,1,"Wes Anderson's precise symmetry in The Grand Budapest Hotel: Meticulously constructed sets featuring perfect bilateral symmetry with subjects centered in frame, highly controlled color palette dominated by pink, purple, and red tones with specific Pantone references maintained across all departments, custom typography designed for every text element from hotel signage to newspapers and telegrams, historically layered design showing three distinct time periods (1930s, 1960s, 1980s) each with specific aspect ratios and color treatments, miniature models and matte paintings used for exterior shots with deliberate artificiality, precisely choreographed camera movements including signature lateral tracking shots, and custom-designed props manufactured specifically for the production with obsessive period detail. Text searches typically miss the integrated design approach, technical cinematographic choices, and subtle period references that define Anderson's distinctive visual language."
2,"Cyberpunk cityscape with neon lighting, rain-slicked streets, and futuristic technology",2,"Wong Kar-wai's In the Mood for Love with tight framing, qipao dresses, and saturated colors",2,"Wong Kar-wai's In the Mood for Love: 1960s Hong Kong depicted through tight framing isolating characters in cramped apartments and narrow hallways, Maggie Cheung wearing 20+ cheongsam dresses each with specific pattern and color significance, saturated color palette with emphasis on reds and greens enhanced through specific film stock and processing techniques, rainsoaked streets captured with specialized lens filters, slow-motion sequences emphasizing emotional weight of small gestures, repeated musical motifs synchronized with visual patterns, practical lighting sources visible within frame creating naturalistic shadows, and extensive use of reflections and frames-within-frames suggesting emotional imprisonment. Text searches typically miss the specific costume progression, technical cinematography choices, and precise emotional storytelling through visual means that characterize this influential film."
3,"Ethereal fantasy forest with magical light, mist, and otherworldly elements",3,Gregory Crewdson's elaborately staged suburban scenes with cinematic lighting and unsettling elements,3,"Gregory Crewdson's elaborately staged suburban scenes: Large-format photographs created with motion-picture production techniques including construction of entire sets or extensive location modification, cinematographic lighting requiring multiple generators and professional film crew, casting of subjects with specific physical characteristics enhancing psychological narrative, atmospheric elements like fog and water strategically implemented, specific time of day (magic hour) requiring precise scheduling, vintage cars and period elements carefully positioned to avoid specific dating, technical challenges of maintaining perfect focus across large tableau scenes, and months of pre-production for single images constructed like film stills from movies that don't exist. Text searches typically miss the production scale, technical complexity, and narrative construction methods that distinguish these photographs from documentary or traditional staged photography."
4,"High-fashion editorial with stark white background, dramatic poses, and minimal props",4,"Rinko Kawauchi's photography with ethereal light, everyday moments, and deliberate color sensibility",4,"Rinko Kawauchi's photography: Japanese photographer's distinctive approach featuring everyday moments rendered transcendent through specific technical choices, ethereal light captured with vintage medium-format film cameras, deliberate overexposure techniques creating luminous quality, sequencing of images in installations and books creating poetic relationships between seemingly unrelated subjects, focus on micro-details of daily life including insects, water droplets and food preparation, specialized printing techniques emphasizing delicate color transitions, intuitive rather than conceptual approach to subject selection, and philosophical relationship to traditional Japanese aesthetic principles like mono no aware (beauty of impermanence). Text searches typically miss the technical methods, sequencing relationships, and philosophical underpinnings that define this subtle photographic approach."
5,"Vintage film noir scene with dramatic shadows, foggy street, and mysterious figure",5,Alexander McQueen's Highland Rape runway presentation with torn garments and theatrical staging,5,"Alexander McQueen's Highland Rape runway presentation: Controversial 1995 fashion show featuring models in deliberately torn garments revealing strategic skin exposure, runway covered with heather and Scottish thistle requiring specific agricultural sourcing, specialized makeup creating appearance of violence without explicit theatrical blood, specific historically-referenced tartan fabrics developed exclusively for collection, technical pattern cutting innovations creating controlled garment deconstruction, theatrical lighting design enhancing dramatic presentation, original soundtrack mixing traditional Scottish elements with industrial components, and complex political commentary on England's historical treatment of Scotland embedded in design elements. Text searches typically miss the technical fashion construction details, political context, and specific production elements that made this show a pivotal moment in fashion history."
6,"Surrealist composition with impossible architecture, distorted scale, and dreamlike elements",6,"Spike Jonze's Her with its high-waisted fashion, muted color palette, and clean future aesthetic",6,"Spike Jonze's Her with its distinctive near-future aesthetic: Science fiction film depicting near-future Los Angeles with almost no vehicle shots, costume design featuring high-waisted pants and no lapels on jackets creating subtle future styling without obvious ""futuristic"" elements, warm color palette emphasizing oranges and reds contrasting with typical blue-toned sci-fi convention, practical locations enhanced with minimal CGI showing evolved rather than reimagined architecture, user interfaces designed with specialist team focusing on gestural rather than touch controls, distinctive disembodied voice performance from Scarlett Johansson recorded after filming to allow responsive actor interactions, and carefully curated props showing technological evolution rather than revolution. Text searches typically miss the intentional restraint, detailed interface design, and subtle worldbuilding elements that create this distinctive approach to depicting the future."
7,"Hyper-realistic still life with extreme detail, dramatic lighting, and symbolic objects",7,Roger Deakins' cinematography in Blade Runner 2049 with orange/teal contrast and atmospheric haze,7,"Roger Deakins' cinematography in Blade Runner 2049: Distinctive visual approach featuring extreme contrast between orange/amber and teal/blue color treatments signifying different environments, technical challenges of shooting Las Vegas sequences with specialized atmospheric effects creating dust-filled air, practical lighting sources visible within frame motivating spectacular highlights, miniature building models integrated with digital extensions creating complex urban landscapes, water effects requiring specialized equipment and safety protocols, consistent visual motifs including symmetry and reflection reinforcing thematic elements, and specific camera and lens package selected for technical capabilities in low-light environments allowing capture of shadow detail. Text searches typically miss the specific technical methods, practical effects integration, and precise color science decisions that created this visually distinctive science fiction world."
8,"Documentary-style candid moment with natural lighting, authentic emotion, and environmental context",8,Tyler Mitchell's fashion photography with natural black subjects in surreal pastoral settings,8,"Tyler Mitchell's fashion photography: Groundbreaking approach featuring natural black subjects in surreal pastoral settings with subjects floating or suspended in air, specific technical approach using medium format film with natural light supplemented by minimal reflectors, distinctive color palette emphasizing blues and golden skin tones achieved through film stock selection and processing techniques, casting focusing on subjects with specific physical features and styling emphasizing natural hair textures, location scouting targeting environments with particular light qualities, collaborative approach to subject positioning creating natural rather than rigid fashion poses, and conceptual approach challenging historical representation of black bodies in fashion contexts. Text searches typically miss the specific technical methods, casting considerations, and intentional historical reference points that define Mitchell's influential approach."
9,Cinematic drone shot of vast landscape with tiny human figure for scale,9,Toilet Paper Magazine's pop surrealist compositions with vivid colors and uncanny object relationships,9,"Toilet Paper Magazine's pop surrealist compositions: Editorial project by Maurizio Cattelan and Pierpaolo Ferrari creating hyperreal photographic compositions with deliberately artificial aesthetic, saturated color palette with emphasis on primary colors achieved through specialized lighting and set painting, uncanny juxtapositions of ordinary objects in impossible relationships, technical challenges of capturing splash and liquid effects without digital manipulation, casting of models with specific physical characteristics often focusing on exaggerated body parts, custom prop fabrication for objects that don't exist, precise compositional balance creating visual tension, and intentional reference to commercial photography conventions while subverting expected content. Text searches typically miss the technical production methods, specific color science, and conceptual frameworks that define this influential editorial approach."
10,"Pop art-inspired commercial with bold colors, graphic elements, and ironic humor",10,William Eggleston's saturated American vernacular scenes with precise composition of ordinary subjects,10,"William Eggleston's saturated American vernacular scenes: Pioneering color photography of everyday American subjects using dye-transfer printing process appropriated from commercial advertising to create unprecedented color saturation, composition techniques derived from baroque painting applied to mundane subjects like parking lots and diner interiors, specific timing capturing quality of southern light in Memphis region, democratic approach treating trivial subjects with formal reverence, technical challenge of shooting Kodachrome film requiring precise exposure, narrative ambiguity created through framing decisions suggesting larger stories beyond the frame, and specific classic American cars, signage and architectural elements that precisely date the work to particular moment in American culture. Text searches typically miss the specific technical printing process, compositional strategies, and cultural-historical context that distinguish these influential photographs."
8. Composite Concepts,,8. Composite Concepts,,8. Composite Concepts,
#,Example,#,Example,#,Example
1,"Underwater restaurant with glass dome, marine life views, and floating light fixtures",1,Diller Scofidio + Renfro's Highline Park integrating railway infrastructure with naturalistic planting,1,"Diller Scofidio + Renfro's Highline Park: Adaptive reuse of elevated railway infrastructure in Manhattan transformed into 1.45-mile public park, featuring original rail tracks preserved and integrated into hardscape design, sophisticated planting scheme by Piet Oudolf using native species requiring minimal irrigation, purpose-designed lounge chairs on wheels that reference the site's transportation history, specialized drainage and soil engineering allowing planting on structure with limited depth, choreographed visitor experience moving between intimate garden rooms and open viewpoints, site-specific art installations integrated into landscape, custom-designed water features allowing children's play while respecting structural limitations, specialized maintenance requirements accommodated through hidden infrastructure, and strategic viewpoints framing specific Manhattan vistas. Text searches typically miss the technical engineering innovations, intentional experiential design, and preservation strategies that define this influential urban intervention."
2,Vertical forest high-rise with trees integrated into balconies and sustainable systems,2,BIG's CopenHill waste-to-energy plant with functioning ski slope on its roof in Copenhagen,2,"BIG's CopenHill waste-to-energy plant: Innovative infrastructure building in Copenhagen combining functional power plant converting waste to energy with artificial ski slope on roof, specialized surface material allowing skiing without snow, climbing wall on exterior facade reaching 85 meters in height designed with specific difficulty sections, tree-lined hiking trails on sloped roof with native Danish species, chimney design that releases steam rings indicating carbon footprint, integrated education center showcasing waste management processes, specialized structural engineering supporting recreational uses while allowing industrial function, visitor center with transparent areas showing waste processing operations, public transportation integration, and careful treatment of emission systems exceeding environmental regulations while maintaining public health. Text searches typically miss the integrated technical systems, specific recreational designs, and educational aspects that make this project a unique hybrid of infrastructure and public amenity."
3,Futuristic classroom with interactive holographic displays and modular furniture,3,Kengo Kuma's Japanese-influenced Portland hotel using local materials and Pacific Northwest references,3,"Kengo Kuma's Portland Japanese Garden Cultural Village: Architecture that blends traditional Japanese construction techniques with Pacific Northwest materials and environmental conditions, featuring hand-crafted timber construction using traditional joinery methods without nails or fasteners, green roofs planted with native species requiring minimal irrigation, sophisticated rainwater management systems visible as design elements, interior spaces organized around traditional Japanese spatial concepts with contemporary application, specialized acoustical design allowing natural sound filtration, building orientation maximizing natural light while minimizing solar heat gain, integration with existing historic garden minimizing disruption to mature landscape, materials including Oregon-sourced Port Orford cedar selected for properties similar to Japanese hinoki cypress, and contemporary engineering providing seismic resilience while respecting traditional forms. Text searches typically miss the specific technical adaptations, cultural translations, and material innovations that define this sophisticated architectural approach to cross-cultural design."
4,"Urban rooftop farm with hydroponic systems, community spaces, and farm-to-table restaurant",4,Thomas Heatherwick's Learning Hub at Nanyang University with textured concrete and natural ventilation,4,"Thomas Heatherwick's Learning Hub at Nanyang University: Educational building in Singapore featuring 56 tutorial rooms arranged in 12 towers with no corridors or conventional hallways, textured concrete facades with hand-applied technique creating organic pattern, naturally ventilated atrium design eliminating need for air conditioning in tropical climate, structural innovation allowing column-free interiors with undulating ceiling profiles, custom balcony designs encouraging spontaneous student interaction between floors, integrated planting creating vertical garden effect on building exterior, specialized acoustic treatments allowing open learning environments with controlled sound transmission, strategic placement of stairs and gathering areas to encourage physical movement and unplanned encounters, and specific response to South Asian educational practices and climate requirements. Text searches typically miss the specific pedagogical innovations, climate-responsive engineering, and social behavior design that define this unconventional approach to educational architecture."
5,"Virtual reality gaming arena with physical obstacles, sensor technology, and spectator areas",5,Refettorio food waste-focused community kitchens by Massimo Bottura in repurposed urban buildings,5,"Refettorio food waste-focused community kitchens: Massimo Bottura's non-profit initiative transforming surplus food into meals for vulnerable communities in repurposed urban buildings, featuring spaces designed by leading architects and artists specific to each location, professional kitchen equipment allowing volunteer chefs to prepare high-quality meals efficiently, dining areas designed with dignity and hospitality as guiding principles rather than institutional aesthetic, integrated educational components teaching food preservation techniques, strategic partnerships with local food suppliers and markets for regular donations, sophisticated logistics systems for food collection and storage, specialized recipes developed for unpredictable ingredient availability, artistic elements including custom tableware created by local artisans, and community programming extending beyond meal service to cultural events and skills training. Text searches typically miss the operational systems, design principles focused on dignity, and community integration strategies that distinguish these spaces from conventional soup kitchens or food banks."
6,"Multi-generational living community with private and shared spaces, integrated technology for aging",6,"Ōkunoshima ""Rabbit Island"" in Japan showing abandoned WWII structures overtaken by wild rabbit population",6,"Ōkunoshima ""Rabbit Island"" in Japan: Former chemical weapons manufacturing site transformed through accidental rewilding, featuring hundreds of feral rabbits descended from test subjects inhabiting abandoned military infrastructure, concrete bunkers and factory buildings in various states of controlled decay, specialized ecosystem management balancing rabbit population with island vegetation, tourism infrastructure designed to minimize impact while facilitating visitor interaction with rabbits, historical education center documenting site's military history alongside ecological transformation, carefully managed feeding stations preventing environmental damage from excessive tourism, seasonal variations in vegetation and rabbit behavior creating different visitor experiences throughout year, and specific ferry schedule and accommodation limitations controlling visitor numbers to sustainable levels. Text searches typically miss the juxtaposition of dark history with current ecological condition, the management systems balancing tourism with conservation, and the specific architectural remains that define this unusual destination."
7,"Sustainable tiny house with transforming furniture, off-grid systems, and outdoor living space",7,"Apple Park's integration of workspace, orchards, and indigenous landscaping in circular form",7,"Apple Park's integrated workspace: Foster + Partners-designed corporate headquarters featuring world's largest naturally ventilated building requiring no heating or cooling for nine months of the year, specialized glass manufacturing creating curved panels forming perfect circle with specific transparency and bird-safety features, landscape design by Ive and Whisenhunt reintroducing native California vegetation with drought-resistant species, engineered concrete with specialized aggregate mix visible throughout campus, four-story café with largest carbon-fiber roof structure in the world, integration of workspace with indigenous landscaping including 9,000 drought-resistant trees, specialized acoustic engineering creating optimal sound conditions despite open planning, custom-designed door handles, elevator buttons, and fixtures manufactured with unprecedented precision, and completely hidden mechanical systems requiring specialized underground service tunnels. Text searches typically miss the specific material innovations, environmental engineering systems, and custom mechanical elements that define this unprecedented corporate environment."
8,Immersive theater experience where audience moves through different rooms and interactive sets,8,Rotterdam's water squares that function as public space in dry weather and water retention during floods,8,"Rotterdam's water squares: Climate adaptation infrastructure functioning as public space during dry weather and water retention basins during heavy rainfall, featuring Benthemplein Square with three basins at different levels activated in sequence according to rainfall intensity, colored gutters directing rainwater visibly across plaza, specialized drainage systems with public education components explaining function, multifunctional design incorporating basketball courts, skateboarding features, and performance spaces that continue to function after minor rain events, seating elements designed to remain usable at various water levels, plantings selected for resilience to both drought and temporary flooding, lighting systems designed to function during inundation events, and community involvement in design process creating neighborhood stewardship. Text searches typically miss the specific engineering systems, multifunctional design elements, and community engagement processes that define these innovative urban infrastructure solutions."
9,"Floating city concept with connected platforms, renewable energy systems, and aquaculture",9,"El Cosmico in Marfa with vintage trailers, yurts, and outdoor bathing facilities in desert setting",9,"El Cosmico in Marfa with vintage trailers: Alternative hospitality concept in West Texas desert featuring collection of restored vintage trailers including rare Airstreams and Holiday Houses arranged in specific site pattern, specialized off-grid systems providing limited electricity and water to each unit, outdoor bathhouse complexes using solar heating systems, hammock groves positioned for optimal shade conditions during different seasons, outdoor cooking areas with specialized equipment designed for desert conditions, adapted native landscaping requiring minimal irrigation, specific interior restoration preserving period details while incorporating contemporary health and safety requirements, curated furnishings combining vintage and artisan-crafted elements reflecting regional culture, and programmed social spaces encouraging guest interaction while preserving privacy options. Text searches typically miss the specific hospitality operations, environmental adaptations, and intentional social engineering that define this alternative accommodation model."
10,"Mars habitat prototype with radiation protection, oxygen generation, and multipurpose spaces",10,Under restaurant in Norway with concrete structure partially submerged beneath the North Sea,10,"Under restaurant in Norway: World's largest underwater restaurant featuring concrete structure partially submerged 5.5 meters beneath North Sea surface, specialized concrete mixture developed for marine conditions with 500-year lifespan, 11-meter wide panoramic window requiring specific manufacturing and installation techniques, interior designed with acoustic materials referencing coastal environment, menu developed to feature locally harvested sustainable seafood visible through window, integrated marine research facility allowing scientists to study artificial reef development on structure, specialized lighting design accounting for changing natural light conditions and water visibility, table arrangement optimizing underwater views for all diners, and comprehensive engineering addressing tide variations, storm impacts, and potential marine growth affecting visibility. Text searches typically miss the specific engineering challenges, marine biology integration, and specialized hospitality operations that define this unprecedented underwater structure."